-- 默认管理员 (密码: admin123)
INSERT IGNORE INTO users (id, username, email, password_hash, role, company, department, created_at, updated_at)
VALUES ('550e8400-e29b-41d4-a716-446655440000', 'admin', 'admin@example.com', '$2a$10$H2wPB2Pxr9eac3CKbwcqJejquPzbbAjm6VCj8kC0nlV21X2gbk7hK', 'admin', '储能科技公司', '安全管理部', NOW(), NOW());

-- 课程数据
INSERT IGNORE INTO courses (id, title, description, category, total_duration, status, created_at, updated_at) VALUES
('10000000-0000-0000-0000-000000000001', '储能基础知识', '了解储能电站的基本原理和组成结构', 'basic', 120, 'published', NOW(), NOW()),
('10000000-0000-0000-0000-000000000002', '锂电池热失控机理', '深入学习锂电池热失控的发生机理和传播过程', 'thermal', 90, 'published', NOW(), NOW()),
('10000000-0000-0000-0000-000000000003', '储能消防系统', '掌握储能电站消防系统的设计和使用方法', 'fire', 60, 'published', NOW(), NOW()),
('10000000-0000-0000-0000-000000000004', 'BMS安全管理', '学习电池管理系统的安全监控和预警功能', 'bms', 75, 'published', NOW(), NOW()),
('10000000-0000-0000-0000-000000000005', '储能电站运维规范', '学习储能电站日常运维的标准流程和规范要求', 'basic', 60, 'published', NOW(), NOW());

-- 章节数据 (difficulty_level: 1=基础理论, 2=案例分析, 3=高级实操)
-- prerequisite_ids: JSON数组，支持多条件解锁
-- scenario_id: 关联的训练场景，学完理论后可无缝进入演练
INSERT IGNORE INTO chapters (id, course_id, title, content, duration, order_num, difficulty_level, prerequisite_ids, scenario_id, created_at) VALUES
('20000000-0000-0000-0000-000000000001', '10000000-0000-0000-0000-000000000001', '储能概述', '<h2>什么是储能？</h2><p>储能是指将电能转化为其他形式的能量存储起来，在需要时再转化为电能释放的技术。</p><p>储能技术是解决新能源发电间歇性和波动性的关键手段。</p>', 30, 1, 1, NULL, NULL, NOW()),
('20000000-0000-0000-0000-000000000002', '10000000-0000-0000-0000-000000000001', '电池类型与特点', '<h2>电池类型</h2><p>常见储能电池包括锂离子电池、铅酸电池、液流电池等。</p><p>锂离子电池因其高能量密度和长寿命成为主流选择。</p>', 45, 2, 1, '["20000000-0000-0000-0000-000000000001"]', NULL, NOW()),
('20000000-0000-0000-0000-000000000003', '10000000-0000-0000-0000-000000000001', '储能系统组成', '<h2>系统组成</h2><p>储能电站由电池系统、BMS、PCS、EMS等组成。</p>', 45, 3, 1, '["20000000-0000-0000-0000-000000000002"]', NULL, NOW()),
('20000000-0000-0000-0000-000000000004', '10000000-0000-0000-0000-000000000002', '热失控概述', '<h2>热失控</h2><p>热失控是电池温度不可控上升的现象，可能导致起火或爆炸。</p>', 30, 1, 2, NULL, '30000000-0000-0000-0000-000000000001', NOW()),
('20000000-0000-0000-0000-000000000005', '10000000-0000-0000-0000-000000000002', '热失控诱因', '<h2>诱因分析</h2><p>内部短路、过充、外部加热等都可能引发热失控。</p>', 30, 2, 2, '["20000000-0000-0000-0000-000000000004"]', '30000000-0000-0000-0000-000000000002', NOW()),
('20000000-0000-0000-0000-000000000006', '10000000-0000-0000-0000-000000000003', '消防系统概述', '<h2>消防系统</h2><p>储能电站消防系统包括气体灭火、水喷雾等。</p>', 30, 1, 2, NULL, NULL, NOW()),
('20000000-0000-0000-0000-000000000007', '10000000-0000-0000-0000-000000000003', '灭火剂选择', '<h2>灭火剂</h2><p>七氟丙烷、全氟己酮等是常用灭火剂。</p>', 30, 2, 3, '["20000000-0000-0000-0000-000000000006"]', '30000000-0000-0000-0000-000000000003', NOW());

-- 训练场景（含决策点）
-- difficulty: 1=基础, 2=中级, 3=高级 (与章节共用同一套难度体系)
-- prerequisite_ids: JSON数组，支持多条件解锁
INSERT IGNORE INTO scenarios (id, name, description, initial_conditions, events, decision_points, duration, difficulty, prerequisite_ids, created_at) VALUES
('30000000-0000-0000-0000-000000000001', '单电池热失控处置', '模拟单个电池单元发生热失控时的应急处置决策', '{"batteryCount":1,"initialTemperature":25,"batteryType":"lithium_iron_phosphate","capacity":0.1}', '[{"id":"e1","triggerTime":10,"type":"temperature_rise","description":"电池温度开始异常升高"},{"id":"e2","triggerTime":25,"type":"smoke","description":"电池开始冒烟"},{"id":"e3","triggerTime":40,"type":"fire","description":"电池起火"}]', '[{"id":"dp1","triggerCondition":"发现电池温度异常升高","question":"发现电池温度异常升高至60°C，应采取什么措施？","options":[{"id":"opt1","text":"立即切断电源并启动冷却系统","score":30,"correct":true},{"id":"opt2","text":"继续观察等待温度自行下降","score":0,"correct":false},{"id":"opt3","text":"仅启动冷却系统不断电","score":15,"correct":false},{"id":"opt4","text":"通知上级等待指示","score":10,"correct":false}],"timePressure":30},{"id":"dp2","triggerCondition":"电池开始冒烟","question":"电池开始冒烟，应采取什么措施？","options":[{"id":"opt5","text":"启动消防系统并疏散人员","score":35,"correct":true},{"id":"opt6","text":"用水直接灭火","score":0,"correct":false},{"id":"opt7","text":"用干粉灭火器灭火","score":20,"correct":false},{"id":"opt8","text":"打开通风系统排烟","score":10,"correct":false}],"timePressure":20},{"id":"dp3","triggerCondition":"电池起火","question":"电池已经起火，如何处理？","options":[{"id":"opt9","text":"启动全氟己酮灭火系统","score":35,"correct":true},{"id":"opt10","text":"使用水喷雾系统","score":25,"correct":false},{"id":"opt11","text":"使用干粉灭火器","score":15,"correct":false},{"id":"opt12","text":"等待消防部门","score":5,"correct":false}],"timePressure":15}]', 60, 1, NULL, NOW()),
('30000000-0000-0000-0000-000000000002', '电池组热扩散应急', '模拟电池组中一个电池热失控后向周围扩散的应急决策', '{"batteryCount":16,"initialTemperature":30,"batteryType":"ternary_lithium","capacity":1}', '[{"id":"e4","triggerTime":15,"type":"temperature_rise","description":"中心电池温度异常"},{"id":"e5","triggerTime":40,"type":"smoke","description":"热失控开始扩散"},{"id":"e6","triggerTime":70,"type":"fire","description":"相邻电池起火"}]', '[{"id":"dp4","triggerCondition":"中心电池温度异常","question":"BMS告警中心电池温度异常，如何处理？","options":[{"id":"opt13","text":"切断该电池模组电源并启动冷却","score":30,"correct":true},{"id":"opt14","text":"切断整个电池组电源","score":20,"correct":false},{"id":"opt15","text":"仅加强监控不断电","score":5,"correct":false},{"id":"opt16","text":"重启BMS系统","score":0,"correct":false}],"timePressure":25},{"id":"dp5","triggerCondition":"热失控开始扩散","question":"热失控开始向相邻电池扩散，应采取什么措施？","options":[{"id":"opt17","text":"启动区域隔离和消防系统","score":35,"correct":true},{"id":"opt18","text":"对所有电池强制冷却","score":20,"correct":false},{"id":"opt19","text":"仅疏散人员","score":10,"correct":false},{"id":"opt20","text":"关闭整个电站","score":15,"correct":false}],"timePressure":20}]', 120, 2, '["20000000-0000-0000-0000-000000000004"]', NOW()),
('30000000-0000-0000-0000-000000000003', '储能舱火灾处置', '模拟整个储能舱发生火灾时的指挥决策', '{"batteryCount":256,"initialTemperature":35,"batteryType":"ternary_lithium","capacity":10}', '[{"id":"e7","triggerTime":20,"type":"temperature_rise","description":"局部温度异常"},{"id":"e8","triggerTime":60,"type":"smoke","description":"大量烟雾产生"},{"id":"e9","triggerTime":120,"type":"fire","description":"储能舱起火"}]', '[{"id":"dp6","triggerCondition":"局部温度异常","question":"巡检发现储能舱局部温度异常，如何处置？","options":[{"id":"opt21","text":"立即启动应急预案，切断故障区域电源","score":30,"correct":true},{"id":"opt22","text":"加强巡检频次，暂不处理","score":5,"correct":false},{"id":"opt23","text":"远程调整BMS参数降温","score":15,"correct":false},{"id":"opt24","text":"关闭整个储能舱","score":20,"correct":false}],"timePressure":30},{"id":"dp7","triggerCondition":"大量烟雾产生","question":"储能舱内大量烟雾产生，如何处置？","options":[{"id":"opt25","text":"启动全舱消防系统，全员撤离","score":35,"correct":true},{"id":"opt26","text":"派人进入查看情况","score":0,"correct":false},{"id":"opt27","text":"仅启动通风排烟","score":10,"correct":false},{"id":"opt28","text":"关闭通风系统防止扩散","score":20,"correct":false}],"timePressure":15}]', 180, 3, '["20000000-0000-0000-0000-000000000006","20000000-0000-0000-0000-000000000004"]', NOW());

-- 事故案例（含时间线）
INSERT IGNORE INTO accident_cases (id, title, location, date, type, severity, description, timeline, cause_analysis, loss_estimate, lessons_learned, created_at, updated_at) VALUES
('40000000-0000-0000-0000-000000000001', '某储能电站锂电池起火事故', '广东省深圳市', '2025-03-15', 'fire', 'major', '某储能电站在运行过程中，一个电池模组发生热失控，导致起火。事故造成直接经济损失约200万元。', '[{"id":"t1","time":"03:15","title":"BMS告警","description":"BMS系统检测到3号电池模组温度异常，温度达到55°C","type":"warning"},{"id":"t2","time":"03:18","title":"温度持续升高","description":"3分钟内温度升至75°C，BMS发出紧急告警","type":"danger"},{"id":"t3","time":"03:22","title":"电池冒烟","description":"3号模组开始冒出白色烟雾，运维人员发现异常","type":"danger"},{"id":"t4","time":"03:25","title":"切断电源","description":"运维人员手动切断该模组电源","type":"action"},{"id":"t5","time":"03:30","title":"电池起火","description":"3号模组电池起火，火势向相邻模组蔓延","type":"danger"},{"id":"t6","time":"03:35","title":"启动消防","description":"启动气体灭火系统，消防部门接到报警","type":"action"},{"id":"t7","time":"04:15","title":"火势控制","description":"消防人员控制住火势，事故得到处置","type":"info"}]', '电池内部短路导致热失控，BMS未能及时切断电路。根本原因是电池制造缺陷导致隔膜损坏，引起内部短路。', '直接经济损失约200万元，包括设备损毁150万元、停产损失30万元、救援费用20万元。', '1. 加强BMS告警阈值设置，温度超过45°C即触发预警；2. 安装气体探测预警系统，实现早期发现；3. 定期进行电池内阻检测，及时发现异常电池；4. 完善应急预案，缩短响应时间。', NOW(), NOW()),
('40000000-0000-0000-0000-000000000002', '储能电站热失控扩散事故', '江苏省南京市', '2025-06-20', 'thermal_runaway', 'severe', '某储能电站因单体电池热失控引发连锁反应，导致整个电池舱起火。', '[{"id":"t8","time":"14:00","title":"单体异常","description":"巡检发现A区5号电池单体电压异常偏低","type":"warning"},{"id":"t9","time":"14:30","title":"温度升高","description":"5号电池温度快速升至80°C","type":"danger"},{"id":"t10","time":"14:35","title":"热扩散","description":"热量向相邻电池扩散，多个电池温度异常","type":"danger"},{"id":"t11","time":"14:40","title":"模组起火","description":"A区电池模组起火","type":"danger"},{"id":"t12","time":"14:50","title":"舱内蔓延","description":"火势蔓延至整个A区，产生大量有毒烟雾","type":"danger"},{"id":"t13","time":"15:00","title":"全面响应","description":"启动全站应急预案，消防力量到场","type":"action"},{"id":"t14","time":"16:30","title":"火灾扑灭","description":"火灾被扑灭，事故处置完成","type":"info"}]', '电池模组间缺乏有效的热隔离措施，热失控快速扩散。电池老化导致内阻增大，是热失控的诱因。', '直接经济损失约500万元，包括设备损毁380万元、停产损失80万元、环境修复40万元。', '1. 电池模组间必须设置防火隔离层；2. 安装自动灭火系统，实现早期灭火；3. 制定完善的应急预案，定期演练；4. 建立电池健康状态监测体系。', NOW(), NOW());
